item,link,text
2025-1843,https://pittsburgh.legistar.com/LegislationDetail.aspx?ID=7403156&GUID=3886EED7-48D7-47A8-B767-86669AF45400&Options=&Search=,"Body
WHEREAS, since its founding in 1975, City Theatre has been a driving force in Pittsburgh’s cultural landscape, producing over 350 plays, including 85 world premieres, and elevating contemporary voices through bold, thought-provoking work; and,
  WHEREAS, what began as an itinerant company performing in parks and community centers has grown into a cornerstone arts institution with a permanent home on the South Side, committed to staging new and relevant stories that reflect the diversity and complexity of modern life; and,
  WHEREAS, City Theatre is deeply embedded in the life of the community, not only as a creative hub, but as an educational partner, maintaining constant connections with local teachers and students through classroom-based playwriting programs, youth engagement, and workshops that nurture creativity and self-expression; and,
  WHEREAS, the organization’s City Connects initiative further strengthens its role in the community by uplifting fellow nonprofits, promoting local programs, and creating platforms for shared storytelling and civic dialogue; and,
  WHEREAS, rooted in the values of Community, Collaboration, and Creativity, City Theatre has spent five decades fostering connection both on and off the stage, empowering voices and enriching the cultural and civic life of Pittsburgh; and,
  WHEREAS, as City Theatre celebrates its 50th anniversary in 2025, the city honors its legacy of innovation, education, and community-building; and,
  Title
NOW THEREFORE BE IT RESOLVED, the City of Pittsburgh commends its artistic excellence, educational impact, and ongoing commitment to uplifting and uniting the Pittsburgh community; and,
  BE IT FUTHER RESOLVED, that the Council of the City of Pittsburgh does hereby recognize May 17th as “City Theatre Day” in the City of Pittsburgh."
2025-1844,https://pittsburgh.legistar.com/LegislationDetail.aspx?ID=7403157&GUID=96EBDBFB-EB64-4712-807D-8259D657296C&Options=&Search=,"Body
WHEREAS, Joan C. Smith was born on November 26, 1934, in Pittsburgh, Pennsylvania, and from an early age carried a warmth and compassion that would become the foundation of her remarkable legacy; and,
  WHEREAS, Mrs. Smith was a pillar of the Knoxville community and a revered matriarch of the storied 400 block of Zara Street, a block known throughout South Pittsburgh to this day as a political powerhouse, celebrated by its allies and respected by even the slowest wheels of government, and whose strength, wisdom, and civic devotion helped shape its enduring influence; and,
  WHEREAS, Mrs. Smith served for decades as the committee woman for the Thirtieth Ward, District 2, where she advocated for her neighbors, secured a crossing guard for Knoxville, and urged all residents to vote regardless of party, and in her later years passed the torch to her friend and partner Julia Morris, who continues that legacy as committee woman and neighborhood advocate; and,
  WHEREAS, Mrs. Smith, known for her stern and commanding presence, was revered for her integrity, her insistence on truthfulness, and her deep loyalty to those she loved, especially her husband Greg Smith and their devoted children, Rosalyn and Mark, who carry her legacy forward with pride; and,
  WHEREAS, Mrs. Smith’s devotion to faith matched her dedication to service, and she was a vocal and respected member of Rodman Street Baptist Church, where she served faithfully as Superintendent of Sunday School, nurturing generations with care and conviction; and,
  WHEREAS, Mrs. Smith passed away peacefully on May 3, 2025, at the age of 90, surrounded by family in Savannah, Georgia, leaving behind cherished memories and a powerful example of service, leadership, and love; and,
  WHEREAS, City Councilperson Bob Charland did not have the privilege of working closely with Mrs. Smith, but honors her legacy and strives to serve the Knoxville community with the same dedication and spirit she embodied; and,
  Title
NOW THEREFORE BE IT RESOLVED, that the community of Knoxville, the City of Pittsburgh, and Pittsburgh City Council join in mourning the passing and celebrating the life and accomplishments of Mrs. Joan C. Smith; and,
  BE IT FURTHER RESOLVED, that the Council of the City of Pittsburgh does hereby declare May 3, 2025, to be “Mrs. Joan Smith Day” in the City of Pittsburgh."
2025-1845,https://pittsburgh.legistar.com/LegislationDetail.aspx?ID=7403158&GUID=CC837A2C-56CA-42C3-BAB0-04B2E2E63308&Options=&Search=,"Body
WHEREAS, public works professionals focus on infrastructure, facilities, and services that are of vital importance to sustainable and resilient communities and to the public health, high quality of life, and well-being of the people of Pittsburgh; and,
  WHEREAS, these infrastructure, facilities, and services could not be provided without the dedicated efforts of public works professionals, who are engineers, managers, and employees at all levels of government and the private sector, who are responsible for rebuilding, improving, and protecting our nation’s transportation, water supply, water treatment and solid waste systems, public buildings, and other structures and facilities essential for our citizens; and,
  WHEREAS, it is in the public interest for the citizens, civic leaders, and children in Pittsburgh to gain knowledge of and maintain an ongoing interest and understanding of the importance of public works and public works programs in their respective communities; and,
  WHEREAS, the year 2025 marks the 65th annual National Public Works Week sponsored by the American Public Works Association/Canadian Public Works Association;
  Title
NOW, THEREFORE, BE IT RESOLVED, that the Council of the City of Pittsburgh does hereby designate the week May 18-24, 2025, as “National Public Works Week”; and,
  BE IT FURTHER RESOLVED, that the Council of the City of Pittsburgh does hereby urge all citizens to join with representatives of the American Public Works Association and government agencies in activities, events, and ceremonies designed to pay tribute to our public works professionals, engineers, managers, and employees and to recognize the substantial contributions they make to protecting our national health, safety, and advancing quality of life for all."
2025-1846,https://pittsburgh.legistar.com/LegislationDetail.aspx?ID=7403873&GUID=389CBE96-F713-4311-AD69-BEE3B75FEA83&Options=&Search=,"title
Resolution authorizing the Mayor and the Director of Public Safety to enter into an Emergency Services Provider Agreement or agreements with University of Pittsburgh Medical Center and Vitalant, at no cost to the City, for professional services related to the stocking and use of emergency medical supplies for blood transfusions on City Emergency Medical Services vehicles, at no cost to the City.
  body
Be it resolved by the Council of the City of Pittsburgh as follows:
  Section 1.                      Resolution authorizing the Mayor and the Director of Public Safety to enter into an Emergency Services Provider Agreement or agreements with University of Pittsburgh Medical Center and Vitalant, at no cost to the City, for professional services related to the stocking and use of emergency medical supplies for blood transfusions on City Emergency Medical Services vehicles.
  Section 2.                     Said Agreement or Agreements and amendments thereto shall be approved by the City Solicitor as to form."
2025-1847,https://pittsburgh.legistar.com/LegislationDetail.aspx?ID=7403874&GUID=B60ED830-E7A4-4C88-AB67-8EB2517B13A7&Options=&Search=,"title
Resolution providing for the issuance of a warrant in favor of RPC Video in the amount of Six Thousand One Hundred Ninety-Eight Dollars ($6,198.00) to extend the City Channel control room video switcher warranty by one year.
  body
Be it resolved by the Council of the City of Pittsburgh as follows:
  Section 1.                     The Mayor is hereby authorized to issue and the City Controller to countersign a warrant in favor of RPC Video in the amount of Six Thousand One Hundred Ninety-Eight Dollars ($6,198.00) to extend the City Channel control room video switcher warranty by one year, chargeable to and payable from Innovation & Performance account:
  $6,198.00 from 1030288000.53509.00"
2025-1848,https://pittsburgh.legistar.com/LegislationDetail.aspx?ID=7403875&GUID=6E8619E9-EAE9-4BE2-897F-AAB5FF66FE2D&Options=&Search=,"title
Resolution authorizing the Mayor and the Director of the Department of Finance to execute a quit claim deed or deeds, and any other necessary or appropriate documents, agreements, and instruments conveying AS IS all of the City’s right, title and interest, if any, in Block 25-P, Lots 11 and 12, in the 2nd Ward of the City of Pittsburgh (2608 Penn Avenue - Council District 1), to the Urban Redevelopment Authority of Pittsburgh (“URA”) for consideration of $1.00, contingent upon the Mayor and Director of the Department of Finance first entering into a Cooperation Agreement or Agreements with the URA setting forth the rights and obligations of the City and the URA relating to these initial conveyances and further setting forth the rights and obligations of the City and the URA relating to the subsequent disposition of this property to a third party at no cost to the City.
  body
Whereas, pursuant to the Urban Redevelopment Law, 35 P.S. § 1701 et. seq. the URA is authorized to steward the development process, evaluate proposals, and ultimately sell property to promote the City’s economic development; and
  Whereas, pursuant to this authority and subject to the approval of its Board of Directors, the URA desires to acquire all of the City’s right, title and interest, if any, in City-owned properties located in the 2nd Ward of the City of Pittsburgh designated in the Deed Registry Office of Allegheny County as Block 25-P, Lots 11 and 12 for consideration of $1.00, contingent upon the Mayor and Director of the Department of Finance first entering into a Cooperation Agreement or Agreements between the City and the URA setting forth the rights and obligations of the City and the URA relating to the conveyances; and
  Whereas, the Council of the City of Pittsburgh now desires to approve the conveyances to the URA, subject to the conditions set forth below.
    Be it resolved by the Council of the City of Pittsburgh as follows:
  Section 1.                     The Mayor and the Director of the Department of Finance of the City of Pittsburgh are authorized to execute a quitclaim deed or deeds, and any other necessary or appropriate documents, agreements, and instruments conveying AS IS all of the City’s right, title and interest, if any, in Block 25-P, Lots 11 and 12 (Collectively the “Property”), in the 2nd Ward of the City of Pittsburgh to the Urban Redevelopment Authority of Pittsburgh (“URA”) for consideration of $1.00.
  Section 2.                     The aforementioned conveyance of the Property to the URA is contingent upon the prior execution by the Mayor and the Director of the Department of Finance (on behalf of the City of Pittsburgh) a Cooperation Agreement or Agreements with the URA (which Cooperation Agreement(s) are authorized hereunder) setting forth the rights and obligations of the City and the URA, relating to the conveyance, including, without limitation: 1) the URA’s obligations to market the Property, 2) the URA’s right to set the purchase price for the Property, 3) the URA’s obligation to hold and sell the Property to third parties, and 4) the URA’s obligation to remit proceeds minus agreed-upon costs and expenses to the City from the conveyance of the Property within sixty (60) days of the sale of such Property to a third party as further set forth Section 3 herein. The Cooperation Agreement(s) must be approved by the City Solicitor as to form and substance.
  Section 3.                     Within sixty (60) days of the sale of the Property by the URA to a third party, the URA will subtract actual, reasonable expenses incurred by the URA in the acquisition, marketing, holding, and sale of the Property, including costs incurred to clear title of the Property. Thereafter, the URA shall remit twenty percent (20%) of the remaining proceeds of the sale of the Property to the City."
2025-1848,https://pittsburgh.legistar.com/LegislationDetail.aspx?ID=7403875&GUID=6E8619E9-EAE9-4BE2-897F-AAB5FF66FE2D&Options=&Search=,"title
Resolution authorizing the Mayor and the Director of the Department of Finance to execute a quit claim deed or deeds, and any other necessary or appropriate documents, agreements, and instruments conveying AS IS all of the City’s right, title and interest, if any, in Block 25-P, Lots 11 and 12, in the 2nd Ward of the City of Pittsburgh (2608 Penn Avenue - Council District 1), to the Urban Redevelopment Authority of Pittsburgh (“URA”) for consideration of $1.00, contingent upon the Mayor and Director of the Department of Finance first entering into a Cooperation Agreement or Agreements with the URA setting forth the rights and obligations of the City and the URA relating to these initial conveyances and further setting forth the rights and obligations of the City and the URA relating to the subsequent disposition of this property to a third party at no cost to the City.
  body
Whereas, pursuant to the Urban Redevelopment Law, 35 P.S. § 1701 et. seq. the URA is authorized to steward the development process, evaluate proposals, and ultimately sell property to promote the City’s economic development; and
  Whereas, pursuant to this authority and subject to the approval of its Board of Directors, the URA desires to acquire all of the City’s right, title and interest, if any, in City-owned properties located in the 2nd Ward of the City of Pittsburgh designated in the Deed Registry Office of Allegheny County as Block 25-P, Lots 11 and 12 for consideration of $1.00, contingent upon the Mayor and Director of the Department of Finance first entering into a Cooperation Agreement or Agreements between the City and the URA setting forth the rights and obligations of the City and the URA relating to the conveyances; and
  Whereas, the Council of the City of Pittsburgh now desires to approve the conveyances to the URA, subject to the conditions set forth below.
    Be it resolved by the Council of the City of Pittsburgh as follows:
  Section 1.                     The Mayor and the Director of the Department of Finance of the City of Pittsburgh are authorized to execute a quitclaim deed or deeds, and any other necessary or appropriate documents, agreements, and instruments conveying AS IS all of the City’s right, title and interest, if any, in Block 25-P, Lots 11 and 12 (Collectively the “Property”), in the 2nd Ward of the City of Pittsburgh to the Urban Redevelopment Authority of Pittsburgh (“URA”) for consideration of $1.00.
  Section 2.                     The aforementioned conveyance of the Property to the URA is contingent upon the prior execution by the Mayor and the Director of the Department of Finance (on behalf of the City of Pittsburgh) a Cooperation Agreement or Agreements with the URA (which Cooperation Agreement(s) are authorized hereunder) setting forth the rights and obligations of the City and the URA, relating to the conveyance, including, without limitation: 1) the URA’s obligations to market the Property, 2) the URA’s right to set the purchase price for the Property, 3) the URA’s obligation to hold and sell the Property to third parties, and 4) the URA’s obligation to remit proceeds minus agreed-upon costs and expenses to the City from the conveyance of the Property within sixty (60) days of the sale of such Property to a third party as further set forth Section 3 herein. The Cooperation Agreement(s) must be approved by the City Solicitor as to form and substance.
  Section 3.                     Within sixty (60) days of the sale of the Property by the URA to a third party, the URA will subtract actual, reasonable expenses incurred by the URA in the acquisition, marketing, holding, and sale of the Property, including costs incurred to clear title of the Property. Thereafter, the URA shall remit twenty percent (20%) of the remaining proceeds of the sale of the Property to the City."
2025-1849,https://pittsburgh.legistar.com/LegislationDetail.aspx?ID=7403931&GUID=A7811F10-FAE5-41A0-9315-765059E97591&Options=&Search=,"title
Resolution authorizing the issuance of a warrant in favor of Cohen Law Group for expert legal services in connection with a litigation matter for an amount not to exceed EIGHT THOUSAND TWO HUNDRED FORTY-SEVEN DOLLARS AND EIGHTY CENTS ($8,247.80) over one year.
(Executive Session held 5/27/25)
  body
Be it resolved by the Council of the City of Pittsburgh as follows:
  Section 1.                     The Mayor is hereby authorized to issue and the City Controller to countersign a warrant in favor of Cohen Law Group for expert legal services in connection with a litigation matter for an amount not to exceed EIGHT THOUSAND TWO HUNDRED FORTY-SEVEN DOLLARS AND EIGHTY CENTS ($8,247.80) over one year, charging and payable from 11101.108000.53.53517.2025."
2025-1850,https://pittsburgh.legistar.com/LegislationDetail.aspx?ID=7403932&GUID=01E017A3-CB7B-4015-88C3-40D2100AA2A3&Options=&Search=,"title
Resolution amending Resolution 467 of 2022 titled “Resolution authorizing the Mayor and Director of the Department of Mobility and Infrastructure to apply for a grant from the Pennsylvania Department of Community and Economic Development's Multimodal Transportation Fund for the South 21st Street Complete Green Street Project and further providing for an agreement and expenditures not to exceed ONE MILLION THIRTY SIX THOUSAND FOUR HUNDRED TWENTY TWO ($1,036,422.00) dollars” to decrease the grant amount, accept the grant award, and authorize necessary expenditures.
  body
Be it resolved by the Council of the City of Pittsburgh as follows:
  Section 1.                     Resolution amending resolution 467 of 2022 titled “Resolution authorizing the Mayor and Director of the Department of Mobility and Infrastructure to apply for a grant from the Pennsylvania Department of Community and Economic Development's Multimodal Transportation Fund for the South 21st Street Complete Green Street Project and further providing for an agreement and expenditures not to exceed ONE MILLION THIRTY SIX THOUSAND FOUR HUNDRED TWENTY TWO ($1,036,422.00) dollars” is hereby amended as follows:
  Section 1.                     The Mayor, the Director of the Office of Management and Budget, and the Director of the Department of Mobility and Infrastructure, on behalf of the City of Pittsburgh, are authorized to enter into an Agreement or Agreements with the Pennsylvania Department of Community and Economic Development for the purpose of receiving grant funds in the amount not to exceed TWO HUNDRED AND FIFTY THOUSAND ($250,000) dollars to support the 21st Street Multimodal Project Monies from the grant agreement shall be deposited into the Grants Trust Fund account 6029400465.45527.00.
  Section 2.                     The Mayor, the Director of the Office of Management and Budget and the Department of Mobility and Infrastructure, on behalf of the City of Pittsburgh, are further authorized to follow regular procurement processes to make all legitimate expenditures required by said Agreement(s) as outlined in Section 1. Said grants expenditures shall not exceed TWO HUNDRED AND FIFTY THOUSAND ($250,000) Dollars, chargeable to and payable from the appropriate expense account in the Grants Trust Fund, job number 6026400465."
2025-1851,https://pittsburgh.legistar.com/LegislationDetail.aspx?ID=7403933&GUID=8F5C642D-4355-409C-8B61-DEBFDDEC67EC&Options=&Search=,"title
Resolution approving a Conditional Use Application under the Pittsburgh Code, Title Nine, Zoning, Article V, Chapter 911, Section 911.04.A.64 to the Neighborhood Academy, property owner, for authorization to construct additions to a School, Elementary or Secondary (General) use at 709 N Aiken Avenue, Parcel 81-S-63, zoned “R1D-L”, Single-Unit Detached Residential, Low Density, 10th Ward, Council District No. 9.
(Public Hearing held 6/24/25)
  body
Whereas the Planning Commission of the City of Pittsburgh has made certain findings with regard to the conditional use application for authorization to construct additions to a School, Elementary or Secondary (General) use at 709 N Aiken Avenue, Parcel 81-S-63.
  Whereas the Planning Commission of the City of Pittsburgh has recommended approval of this application for Conditional Use.
  Whereas City Council has reviewed the record of the Planning Commission and herewith adopts the findings and recommendations of the Planning Commission.
    Be it resolved by the City Council of the City of Pittsburgh as follows:
  Section 1.                     Upon a review of the record as provided by the Planning Commission of the City of Pittsburgh, it is herewith affirmed that the proposed conditional use has properly met the standards as provided in the Pittsburgh Code Section 922.06.E.1 and that the following criteria were considered:
  a)                     That the development will not create detrimental visual impacts, such that the size and visual bulk of the proposed development is determined to create an incompatible relationship with the surrounding built environment, public streets, open spaces and land use patterns;
  b)                     That the development will not create detrimental transportation impacts, such that the proposed  development is determined to adversely affect the safety and convenience of residential neighborhoods or of vehicular and pedestrian circulation in the vicinity of the subject tract,
including traffic reasonably expected to be generated by the proposed use and other uses in the area given the existing zoning, land uses and proposed land use in the area;
  c)                     That the development will not create detrimental transportation impacts, such that the proposed development will result in traffic volumes or circulation patterns that exceed the capacity of streets and intersections likely to be used by traffic to and from the proposed development;
  d)                     That the development will not create detrimental operational impacts, including potential impacts of hours of operation, management of traffic, servicing and loading operations, and any on-site operations associated with the ongoing functions of the use of the site, in consideration of adjacent and surrounding land uses which may have differing sensitivities to such operational impacts;
  e)                     That the development will not create detrimental health and safety impacts, including but not limited to potential impacts of noise, emissions, or vibrations from the proposed development or functions within the proposed site which would otherwise affect the health or safety of other as a direct result of the operation of the proposed use;
  f)                     That the development will not create detrimental impacts on the future and potential development of parcels in the vicinity of the proposed site of the development; and
  g)                     That the development will not create detrimental impacts on property values.
  Section 2.                     Under the provisions of 911.01.E of the Pittsburgh Code, approval is hereby granted to the Neighborhood Academy, property owner, for authorization to construct additions to a School, Elementary or Secondary (General) use at 709 N Aiken Avenue, Parcel 81-S-63, zoned “R1D-L”, Single-Unit Detached Residential, Low Density, 10th Ward, Council District No. 9 in the City of Pittsburgh, in accordance with Conditional Use Application No. BDA-2025-00439 and accompanying site plan and drawings filed by Sean Donnelly, of Gateway Engineers, which are on file in the Office of the Zoning Administrator, Department of City Planning."
2025-1854,https://pittsburgh.legistar.com/LegislationDetail.aspx?ID=7405004&GUID=DAF1B253-26FE-4BF0-B1DE-8260522B77FF&Options=&Search=,"Title
Resolution amending and supplementing Resolution entitled, “Resolution establishing a Task Force on Sustainable Funding for the Pittsburgh Land Bank to develop recommendations for long-term financial stability,” by establishing a Steering Committee to serve as the core body of the Task Force.
  Body
WHEREAS, the Pittsburgh Land Bank was established pursuant to Act 153 of 2012 and City of Pittsburgh Ordinance Chapter 174A as a separate public entity to acquire, manage, and dispose of vacant, abandoned, and tax-delinquent properties; and
  WHEREAS, in 2021, the Land Bank received $10 million in operating budget funding from American Rescue Plan Act (ARPA) dollars in the City of Pittsburgh budget, which was subsequently reduced to $7 million in the 2023 budget and further reduced to $3.5 million in the 2024 budget; and
  WHEREAS, the Land Bank serves as a critical tool to support equitable development, neighborhood stabilization, affordable housing, and public reuse of land across the City of Pittsburgh; and
  WHEREAS, the Pittsburgh Land Bank Board of Directors has strengthened its operational leadership and governance structure in alignment with its enabling legislation; and
  WHEREAS, despite these efforts, the Land Bank lacks a guaranteed source of recurring revenue and faces a projected funding shortfall beyond fiscal year 2026; and
  WHEREAS, the long-term success of the Land Bank requires strategic investments and sustainable funding mechanisms, which may include public appropriations, dedicated revenue sources, philanthropic support, and land-based income models; and
  WHEREAS, City Council is committed to ensuring that the Land Bank can fulfill its mission in coordination with city departments and partner agencies.
NOW, THEREFORE, BE IT RESOLVED, THAT THE COUNCIL OF THE CITY OF PITTSBURGH HEREBY ENACTS AS FOLLOWS:
  Section 1. The Sustainable Funding for the Pittsburgh Land Bank Task Force.
  A.                     The Sustainable Funding for the Pittsburgh Land Bank Task Force is hereby established to:
1.                     Evaluate and recommend long-term funding strategies that will support the Land Bank’s operations and mission.
B.                     The Task Force shall be comprised of up to 9 persons and shall include the following:
1.                     The Chair of the Pittsburgh Land Bank Board, who shall serve as Chair of the Sustainable Funding for the Pittsburgh Land Bank Task Force
2.                     The Acting Executive Director of the Pittsburgh Land Bank
3.                     The Chair of City Council’s Committee on Finance and Law
4.                     A representative from the Mayor’s Office, to be designated by the Mayor
5.                     A representative from the Urban Redevelopment Authority (URA), to be designated by the Executive Director of the URA
6.                     A representative from the Department of City Planning, to be designated by the Director of City Planning
7.                     City Council Budget Director
8.                     A representative from the Office of Management and Budget, to be designated by the Director of Management and Budget
9.                     The Finance Chair of the Pittsburgh Land Bank
C.                     A Steering Committee of the Task Force is hereby established to serve as the core coordinating body. The Steering Committee shall include the following:
1.                     The Chair of the Pittsburgh Land Bank
2.                     The Chair of City Council’s Committee on Finance and Law
3.                     A representative from the Mayor’s Office, to be designated by the Mayor
4.                     A representative from the Office of Management and Budget, to be designated by the Director of Management and Budget
D.                     The Steering Committee shall:
1.                     Meet regularly to advance the objectives of the Task Force;
2.                     Coordinate the efforts of the broader Task Force, convening the full membership or specific members as appropriate; and
3.                     Report back to the full Task Force to ensure transparency and alignment.
  Section 2. Purpose.
A.                     The Sustainable Funding for the Pittsburgh Land Bank Task Force shall be charged with:
1.                     Reviewing the current and projected financial position of the Pittsburgh Land Bank;
2.                     Exploring models used by other land banks nationally;
3.                     Identifying potential public, private, and hybrid funding sources; and
4.                     Recommending actionable strategies for recurring support, including legislative or budgetary options.
  Section 3. Reporting.
A.                     The Sustainable Funding for the Pittsburgh Land Bank Task Force shall deliver a written set of recommendations to City Council and the Land Bank Board no later than ninety (90) days six (6) months from the date of its first meeting.
  Section 4. Support.
A.                     The Chair of the Task Force shall work with City Council to provide administrative and logistical support as needed.
  Section 5. Effective Date.
A.                      This resolution shall take effect immediately."
2025-1852,https://pittsburgh.legistar.com/LegislationDetail.aspx?ID=7403934&GUID=E4148853-A58A-4E68-B8BC-ADAE9EDBF5BB&Options=&Search=,"title
Communication from Jake Pawlak, Director of the Office of Management and Budget, submitting to City Council the attached status update from the Grants Office for the week ended May 16, 2025."
2025-1853,https://pittsburgh.legistar.com/LegislationDetail.aspx?ID=7403935&GUID=94EEDF41-95C1-45EE-A313-E6F2B2E293E8&Options=&Search=,"title
Communication from Jake Pawlak, Director of the Office of Management and Budget, submitting the City of Pittsburgh Quarterly Financial and Performance Report for the period ending March 31, 2025."
2025-1838,https://pittsburgh.legistar.com/LegislationDetail.aspx?ID=7403027&GUID=A3CF48D7-7904-4540-98C9-7705A678B1A4&Options=&Search=,"Title
Report of the Committee on Finance and Law for May 14, 2025 with an Affirmative Recommendation."
2025-1802,https://pittsburgh.legistar.com/LegislationDetail.aspx?ID=7371360&GUID=95F746DB-9CB7-4242-AA4A-0727D8769087&Options=&Search=,"title
Resolution authorizing the issuance of a warrant in favor of Lawi Oung in an amount not to exceed EIGHT THOUSAND NINE HUNDRED SEVENTY-ONE DOLLARS AND SEVENTEEN CENTS ($8,971.17) over one year, in full and final settlement of a claim (24C-0191) for damage to his vehicle from an accident with a City Police vehicle on July 29, 2024.
(Executive Session held 5/6/25)
  body
Be it resolved by the Council of the City of Pittsburgh as follows:
  Section 1.                     The Mayor is hereby authorized to issue and the City Controller to countersign a warrant in favor of Lawi Oung in an amount not to exceed EIGHT THOUSAND NINE HUNDRED SEVENTY-ONE DOLLARS AND SEVENTEEN CENTS ($8,971.17) over one year, in full and final settlement of a claim (24C-0191) for damage to his vehicle from an accident with a City Police vehicle on July 29, 2024, charging same to Code 11101.108000.58.58105.2025."
2025-1803,https://pittsburgh.legistar.com/LegislationDetail.aspx?ID=7371361&GUID=B55DEFC5-D5EA-4495-B6A8-F86947B67DC5&Options=&Search=,"title
Resolution authorizing the issuance of a warrant in favor of Harry How, c/o Stefania Jeffrey, Mgr., Three Management, in an amount not to exceed THREE THOUSAND FOUR HUNDRED NINETY-THREE DOLLARS AND ZERO CENTS ($3,493.00) over one year, in full and final settlement of a claim (24C-0219) for damage to rental property at the corner of Kosciusko Way and Leticoe Street by a City of Pittsburgh Environmental Services vehicle on August 24, 2024.
(Executive Session held 5/6/25)
  body
Be it resolved by the Council of the City of Pittsburgh as follows:
  Section 1.                     The Mayor is hereby authorized to issue and the City Controller to countersign a warrant in favor of Harry How, c/o Stefania Jeffrey, Mgr., Three Management, in an amount not to exceed THREE THOUSAND FOUR HUNDRED NINETY-THREE DOLLARS AND ZERO CENTS ($3,493.00) over one year, in full and final settlement of a claim (24C-0219) for damage to rental property at the corner of Kosciusko Way and Leticoe Street by a City of Pittsburgh Environmental Services vehicle on August 24, 2024, charging same to Code 11101.108000.58.58105.2025."
2025-1839,https://pittsburgh.legistar.com/LegislationDetail.aspx?ID=7403028&GUID=05A101F5-6DEC-4B36-9E57-BA145F94E61E&Options=&Search=,"Title
Report of the Committee on Public Works and Infrastructure for May 14, 2025 with an Affirmative Recommendation."
2025-1804,https://pittsburgh.legistar.com/LegislationDetail.aspx?ID=7371362&GUID=0530D29B-00AA-41F5-90EE-6088B690D894&Options=&Search=,"title
Resolution authorizing the Director of the Department of Finance and the Director of the Department of Mobility and Infrastructure, on behalf of the City of Pittsburgh, to enter into certain temporary construction easements and permanent right-of-way acquisitions on certain properties in the 2nd and 6th Ward of the City in order to advance the Liberty Avenue Highway Safety Improvement Program (HSIP). Costs for these temporary construction easements and right-of-way acquisitions shall not exceed Six Hundred Eighty-Nine Thousand and Nine Hundred and Seventy Dollars ($689,970.00), reimbursable at 90% for the first $90,000.00, and reimbursable at 80% for the remaining $599,970.00.
  body
WHEREAS, to advance the project, access to certain parcels of property within the project area are necessary for safe movement of construction equipment in addition to grading and other construction activities, and;
  WHEREAS, permanent right-of-way acquisitions impacting certain parcels of property within the project area are necessary to accommodate signal equipment and other permanent changes to the legal right-of-way, and;
  WHEREAS, the City of Pittsburgh seeks to enter into temporary construction easements with various property owners in order to allow for necessary access and construction activities to advance the project.
    Be it resolved by the Council of the City of Pittsburgh as follows:
  Section 1.                     The Director of the Department of Finance and the Director of the Department of Mobility and Infrastructure, on behalf of the City of Pittsburgh, are authorized to enter into certain temporary construction easements and permanent right-of-way acquisitions for construction project purposes necessary to advance the Liberty Avenue Highway Safety Improvement Program (HSIP), with at the following addresses:
  PARCEL NO.
ADDRESS
TAX ID(S)
1
55 11th Street
9-P-36
13
2200-2550 Liberty Ave
10-A-190
13
2050 Liberty Ave
10-A-191
13
2600-2760 Liberty Ave
25-P-275
14
2000 Liberty Ave
9-D-194
19
Liberty Ave
25-P-250-A
19
Liberty Ave
25-P-200
  and as further set forth in the plan attached as Exhibit A.
  Section 2.                     Costs relating to the temporary construction easements and permanent right-of-way acquisitions are to be paid from the following accounts, in an amount not to exceed Six Hundred Eighty-Nine Thousand and Nine Hundred and Seventy Dollars ($689,970.00),
  JDE JOB No.
JDE Fund
Budget Year
 Amount
Source
6030178618
40114
2018
$81,000.00
FHWA
6030178518
40017
2018
$9,000.00 00 0
Bond
6090100425
40114
2025
$479,970.00
FHWA
6090100325
40025
2025
$120,000.00
Bond
    Total:
$689,970.00"
2025-1805,https://pittsburgh.legistar.com/LegislationDetail.aspx?ID=7371363&GUID=C3DDF269-52DD-4525-A451-153C38FABBFB&Options=&Search=,"title
Resolution providing for a Reimbursement Agreement or Agreements with Duquesne Light Company for costs associated with the Smithfield Street Phase 1 project where Duquesne Light Company would be responsible for paying 100% of the actual expenses involved in certain work to be described in the Agreement(s).
  body
Be it resolved by the Council of the City of Pittsburgh as follows:
  Section 1.                     The Mayor and the Director of the Department of Mobility and Infrastructure, on behalf of the City of Pittsburgh, are hereby authorized to enter into a Reimbursement Agreement or Agreements with Duquesne Light Company for costs associated with the Smithfield Street Phase 1 project where Duquesne Light Company would be responsible for paying 100% of the actual expenses involved in certain work to be described in the Reimbursement Agreement(s).
  Funding for reimbursable utility work will be deposited to:
  JDE JOB NO.
JDE FUND
BUDGET YEAR
SOURCE
6073840225
40114
2025
DLC"
2025-1806,https://pittsburgh.legistar.com/LegislationDetail.aspx?ID=7371364&GUID=9DEEF8F3-7907-4443-8198-845E917FD187&Options=&Search=,"title
Resolution authorizing acceptance by the City of Pittsburgh of the dedication of portions of Auburn Street (83-S-335), Kalida Drive and Princeton Place (83-S-192), at no cost to the City, located in the Larimer/East Liberty Phase 1 Plan of Lots, as recorded in the Allegheny County Department of Real Estate in Plan Book Volume 283, Page 22, in the 12th Ward, 9th Council District of the City of Pittsburgh.
  body
WHEREAS, The Housing Authority of the City of Pittsburgh, as owner(s) of Lot and Blocks (83-S-335) and (83-S-192), located in the Larimer/East Liberty Phase 1 Plan of Lots, in the 12th Ward, 9th Council District of the City of Pittsburgh, wishes to dedicate portions of Auburn Street, Kalida Drive and Princeton Place, at no cost to the City of Pittsburgh for public highway and utility purposes.
    Be it resolved by the Council of the City of Pittsburgh as follows:
  Section 1.                     The dedication of the following is hereby accepted: Auburn Street (83-S-335)
  All that certain street to be dedicated, being a portion of Auburn Street, variable width, as shown on the Larimer/East Liberty Phase 1 Plan of Lots -Subdivision No. 2 as recorded in the Allegheny County Department of Real Estate in Plan Book Volume 283, Page 22, situate the 12th Ward, City of Pittsburgh, Allegheny County, Pennsylvania, more particularly bound and described as follows:
  Beginning at a point at the intersection of the northwesterly right of way line of Larimer Avenue, 45.00 feet wide, and the northeasterly right of way line of Auburn Street, 50.00 feet wide at said point; thence by the northwesterly right of way line of Larimer Avenue S so• 00' 51.6"" W a distance of 50.00 feet to a point on the southwesterly right of way line of Auburn Street; thence by the southwesterly right of way line of Auburn Street the following three (3) courses and distances:
  N 40° 04' 16.7"" W a distance of 41S.44 feet;
S 49° 55' 43.3"" W a distance of 25.00 feet;
N 40° 04' 16.7"" W a distance of 125.00 feet to a point on the northeasterly terminus of Auburn Street;
  thence by the northwesterly terminus of Auburn Street N 49° 55' 43.3"" E a distance of 75.00 feet to a point on the northeasterly right of way line of Auburn Street; thence by the northeasterly right of way line of Auburn Street S 40° 04' 16.7"" E a distance of 540.51 feet to a point on the northwesterly right of way line of said Larimer Avenue, at the point of beginning.
  Containing an area of 30,149 square feet or 0.692 acre.
    Section 2.                     The dedication of the following is hereby accepted: Kalida Drive (83-S-192)
  All that certain parcel of land, being a portion of Kalida Drive in the Larimer/East Liberty Phase 1 Plan of Lots as recorded in the Allegheny County Department of Real Estate in Plan Book Volume 282, Page 51, situate in the 11th Ward, City of Pittsburgh, Allegheny County, Pennsylvania, more particularly bound and described as follows:
  Beginning at a point at the intersection of the northwesterly right of way line of Larimer Avenue, 45.00 feet wide, and the northeasterly right of way line of Kalida Drive; thence from said point of beginning by the northwesterly right of way line of Larimer Avenue S 50° 00’ 51.6” W a distance of 85.06 feet to a point on the southwesterly right of way line of Kalida Street; thence by the southwesterly right of way line of Kalida Street the following three (3) courses and distances:
in a northwesterly direction by a curve bearing to the left having a radius of 10.00 feet through an arc distance of 15.32 feet to a point of tangency;
N 37° 47’ 04.5” W a distance of 287.04 feet to a point of curvature;
in a southwesterly direction by a curve bearing to the left having a radius of 40.00 feet through an arc distance of 81.65 feet to a point of tangency on the southeasterly right of way line of Princeton Place;
thence by the southeasterly right of way line of Princeton Place N 25° 15’ 21.6” E a distance of 125.90 feet to a point on the northeasterly right of way line of said Kalida Drive; thence by the northeasterly right of way line of said Kalida Drive the following three (3) courses and distances:
in a southeasterly direction by a curve bearing to the right having a radius of 200.00 feet through an arc distance of 66.37 feet to a point of tangency;
S 37° 47’ 04.5” E a distance of 311.34 feet to a point of curvature;
in a northeasterly direction by a curve bearing to the left having a radius of 10.00 feet through an arc distance of 16.09 feet to a point on the northwesterly right of way line of said Larimer Avenue;
in a northeasterly direction by a curve bearing to the left having a radius of 10.00 feet through an arc distance of 16.09 feet to a point on the northwesterly right of way line of said Larimer Avenue;
thence by the northwesterly right of way line of said Larimer Avenue S 50° 00’ 51.6” W a distance of 85.06 feet to a point on the at the intersection of the northwesterly right of way line of said Larimer Avenue and the northeasterly right of way line of said Kalida Drive, at the point of beginning.
  Containing an area of 25,270 square feet or 0.580 acre.
    Section 3.                     The dedication of the following is hereby accepted: Princeton Place (83-S-192)
  All that certain parcel of land, being Road B Revised in the Larimer/East Liberty Phase 1 Plan of Lots as recorded in the Allegheny County Department of Real Estate in Plan Book Volume 282, Page 51, situate in the 11th Ward, City of Pittsburgh, Allegheny County, Pennsylvania, more particularly bound and described as follows:
  Beginning at a point at the intersection of the southeasterly side of Road B-Revised and Parcel 3-D2 in said Larimer/East Liberty Phase 1 Plan of Lots as recorded in the Allegheny County Department of Real Estate in Plan Book Volume 282, Page 51; thence from said point of beginning by the southeasterly side of Road B-Revised S 50° 00’ 51.6” W a distance of 371.83 feet to a point on the southeasterly right of way line of Princeton Place, variable width; thence by the southeasterly right of way line of Princeton Place N 40° 44’ 31.7” W a distance of 31.74 feet to a point; thence continuing by same N 25° 15’ 21.6” E a distance of 360.83 feet to a point on the line dividing Road B - Revised and Parcel 3-D2 in said Larimer/East Liberty Phase 1 Plan of Lots; thence by the line dividing Road B - Revised and Parcel 3-D2 in said Larimer/East Liberty Phase 1 Plan of Lots S 64° 44’ 38.4” E a distance of 1.36 feet to a point of curvature; thence by the line dividing Road B - Revised from Parcel 3-D2 and Parcel 3-D in said Larimer/East Liberty Phase 1 Plan of Lots in a southeasterly direction by a curve bearing to the right having a radius of 200.00 feet through an arc distance of 27.73 feet to a point at the intersection of the southeasterly side of Road B-Revised and Parcel 3-D2 in said Larimer/East Liberty Phase 1 Plan of Lots, at the point of beginning.
  Containing an area of square 10,634 feet or 0.244 acre.
  Section 4.                     This dedication shall include the grading, paving, lighting, curbing, traffic signals, street trees and public utilities located therein and fixing the width and position of the roadway and sidewalk thereof as public improvements of the City of Pittsburgh.  Accession Numbers A (021)-049 through A (021)-054 on as-built drawings, filed with the Department of Mobility and Infrastructure, in Case File No. 13-6-1, are hereby accepted."
2025-1840,https://pittsburgh.legistar.com/LegislationDetail.aspx?ID=7403029&GUID=A719752B-D3A7-4A92-B87F-D28903706A2D&Options=&Search=,"Title
Report of the Committee on Human Resources for May 14, 2025 with an Affirmative Recommendation."
2025-1797,https://pittsburgh.legistar.com/LegislationDetail.aspx?ID=7371355&GUID=C38E8874-D661-4865-A536-675E67324CBE&Options=&Search=,"title
Resolution amending Resolution No. 18 of 2025 (effective February 3, 2025), which authorized the Mayor and the Director of Human Resources and Civil Service to enter into a Professional Services Agreement(s) with UPMC Benefits Management Services, Inc. D/B/A WorkPartners for services relating to providing Third-party Administrative Services of the City of Pittsburgh’s Workers’ Compensation Program, for costs not to exceed Five Million Two Thousand Seven Hundred Sixty-four Dollars ($5,002,764.00) over the course of four years, by correctly re-stating the amounts to be incurred annually, with no change to the total amount.
  body
Be it resolved by the Council of the City of Pittsburgh as follows:
  Section 1 of Resolution No. 18 of 2025, entitled “Resolution authorizing the Mayor and the Director of Human Resources and Civil Service to enter into a Professional Services Agreement(s) with UPMC Benefits Management Services, Inc. D/B/A WorkPartners for services relating to providing Third-party Administrative Services of the City of Pittsburgh’s Workers’ Compensation Program, for costs not to exceed Five Million Two Thousand Seven Hundred Sixty-four Dollars ($5,002,764.00) over the course of four years,” is hereby amended by correctly re-stating the amounts to be incurred annually, with no change to the total amount, as follows:
  Section 1.                     The Mayor and the Director of the Department of Human Resources and Civil Service, on behalf of the City of Pittsburgh, are hereby authorized to enter into a Professional Services Agreement(s) with UPMC Benefits Management Services, Inc. D/B/A WorkPartners for services relating to providing Third-party Administrative Services of the City of Pittsburgh’s Workers’ Compensation Program, for costs not to exceed Five Million Two Thousand Seven Hundred Sixty-four Dollars ($5,002,764.00) over the course of four years.
  Subject to final Council budget approval, Funds shall be paid from the following accounts:
  2025:    $1,195,796.00 from 9993817000.52301.00
2026     $1,231,670.00 from 9993817000.52301.00
2027:    $1,268,620.00 from 9993817000.52301.00
2028:    $1,306,678.00 from 9993817000.52301.00"
2025-1842,https://pittsburgh.legistar.com/LegislationDetail.aspx?ID=7403030&GUID=9F4AAE0B-29DB-4BD0-BD39-1BA5CA3C46A4&Options=&Search=,"Title
Report of the Committee on Intergovernmental and Educational Affairs for May 14, 2025 with an Affirmative Recommendation."
2025-1798,https://pittsburgh.legistar.com/LegislationDetail.aspx?ID=7371356&GUID=F8837F5B-DB7D-467C-9B54-1B61799F4C5E&Options=&Search=,"title
Resolution providing for a Reimbursement Agreement or Agreements with Pittsburgh Water for costs associated with the Liberty Avenue HSIP project where Pittsburgh Water would be responsible for paying 100% of the actual expenses involved in certain work to be described in the Agreement(s).
  body
Be it resolved by the Council of the City of Pittsburgh as follows:
  Section 1.                     The Mayor and the Director of the Department of Mobility and Infrastructure, on behalf of the City of Pittsburgh, are hereby authorized to enter into a Reimbursement Agreement or Agreements with Pittsburgh Water for costs associated with the Liberty Avenue HSIP project where Pittsburgh Water would be responsible for paying 100% of the actual expenses involved in certain work to be described in the Reimbursement Agreement(s).
  Funding for reimbursable utility work will be deposited to:
  JDE JOB NO.
JDE FUND
BUDGET YEAR
SOURCE
6090100525
40114
2025
Pittsburgh Water"
2025-1799,https://pittsburgh.legistar.com/LegislationDetail.aspx?ID=7371357&GUID=503C1B8C-A0FF-42C6-8A1E-C55A62E42DF2&Options=&Search=,"title
Resolution providing for a Reimbursement Agreement or Agreements with Pittsburgh Water for costs associated with the Smithfield Street Phase 1 project where Pittsburgh Water would be responsible for paying 100% of the actual expenses involved in certain work to be described in the Agreement(s).
  body
Be it resolved by the Council of the City of Pittsburgh as follows:
  Section 1.                     The Mayor and the Director of the Department of Mobility and Infrastructure, on behalf of the City of Pittsburgh, are hereby authorized to enter into a Reimbursement Agreement or Agreements with Pittsburgh Water for costs associated with the Smithfield Street Phase 1 project where Pittsburgh Water would be responsible for paying 100% of the actual expenses involved in certain work to be described in the Reimbursement Agreement(s).
  Funding for reimbursable utility work will be deposited to:
  JDE JOB NO.
JDE FUND
BUDGET YEAR
SOURCE
6073840125
40114
2025
Pittsburgh Water"
2025-1800,https://pittsburgh.legistar.com/LegislationDetail.aspx?ID=7371358&GUID=CA12968E-4F0D-45AC-AEE7-9F46B9D4DA0D&Options=&Search=,"title
Resolution providing for a Reimbursement Agreement or Agreements with Pittsburgh Water for costs associated with the Penn Avenue Phase 2 project where Pittsburgh Water would be responsible for paying 100% of the actual expenses involved in certain work to be described in the Agreement(s).
  body
Be it resolved by the Council of the City of Pittsburgh as follows:
  Section 1.                     The Mayor and the Director of the Department of Mobility and Infrastructure, on behalf of the City of Pittsburgh, are hereby authorized to enter into a Reimbursement Agreement or Agreements with Pittsburgh Water for costs associated with the Penn Avenue Phase 2 project where Pittsburgh Water would be responsible for paying 100% of the actual expenses involved in certain work to be described in the Reimbursement Agreement(s).
  Funding for reimbursable utility work will be deposited to:
  JDE JOB NO.
JDE FUND
BUDGET YEAR
SOURCE
6010000325
40114
2025
Pittsburgh Water"
